timestamp_ms,servo1_angle,servo2_angle
0.0,-0.004687007716432545,3.6454044451645906
10.02004008016032,-0.006803082446580559,3.653178935755715
20.04008016032064,-0.010465244555995425,3.6685974085047737
30.06012024048096,-0.01514329068984885,3.6915579856451433
40.08016032064128,-0.020345757521545722,3.7219857942093357
50.1002004008016,-0.025618932478831437,3.759831009681959
60.12024048096192,-0.030545911001842608,3.8050665514407678
70.14028056112224,-0.03474569007666638,3.857685424276781
80.16032064128257,-0.03787228549657177,3.917697715877588
90.18036072144288,-0.039613857918933335,3.9851272786466065
100.2004008016032,-0.039691830464648685,4.060008144336343
110.22044088176352,-0.037859978560769676,4.1423807399200125
120.24048096192384,-0.0339034712188538,4.232287990873927
130.26052104208415,-0.02763784226294674,4.32977141160841
140.28056112224448,-0.01890787045530628,4.4348672905709074
150.3006012024048,-0.0075863492405887755,4.547603078611696
160.32064128256513,0.00642726994238077,4.667994083410081
170.34068136272546,0.023208372178636843,4.796040560754217
180.36072144288576,0.0428088169397178,4.931725276529342
190.3807615230461,0.06525871804319963,5.075011593057919
200.4008016032064,0.09056835727944032,5.225842111713371
210.42084168336672,0.11873021618374079,5.38413788211271
220.44088176352705,0.1497211039173159,5.549798167979181
230.46092184368732,0.18350435368605503,5.722700741850419
240.48096192384767,0.22003205584897748,5.902702665691918
250.501002004008,0.2592472929853733,6.089641502332792
260.5210420841683,0.30108634071099655,6.2833368934156395
270.54108216432866,0.34548079787650204,6.483592433065338
280.56112224448896,0.39235961081253595,6.690197762516748
290.5811623246493,0.44165095836221624,6.90293080930493
300.6012024048096,0.49328396743752334,7.121560095168403
310.6212424849699,0.547190232654411,7.345847039446628
320.64128256513027,0.6033051181686283,7.5755481893888925
330.66132264529057,0.6615688250827902,7.810417315339326
340.6813627254509,0.7219272136413797,8.050207317076103
350.7014028056112,0.7843323757538003,8.294671897433972
360.7214428857715,0.8487429600167775,8.543566970403884
370.7414829659318,0.9151242581255938,8.796651782762837
380.7615230460922,0.9834480681061573,9.053689740448268
390.7815631262525,1.0536923558805766,9.314448942820311
400.8016032064128,1.1258407420124303,9.578702439118715
410.82164328657313,1.1998818448056956,9.846228231329748
420.84168336673343,1.2758085140452133,10.116809055924628
430.8617234468938,1.3536169914269707,10.390231983219099
440.8817635270541,1.4333060340728947,10.666287877265018
450.9018036072145,1.5148760364781944,10.94477076118105
460.9218436873747,1.5983281838965366,11.225477132743793
470.9418837675351,1.6836636666908167,11.508205273078602
480.96192384769535,1.7708829807748625,11.792754587674994
490.9819639278557,1.8599853341848416,12.078925014020609
501.002004008016,1.9509681743025975,12.36651652424215
511.0220440881763,2.0438268445588097,12.655328744606804
521.0420841683366,2.138554373809332,12.945160706904392
531.062124248497,2.2351413962171933,13.23581073990228
541.0821643286573,2.3335761945696953,13.527076502508704
551.1022044088177,2.4338448556659467,13.818755154221877
561.1222444889779,2.535931522841756,14.11064365306432
571.1422845691383,2.639818727938328,14.402539166643415
581.1623246492986,2.7454877831170044,14.694239578336571
591.1823647294589,2.852919211889927,14.98554406792779
601.2024048096192,2.96209319856009,15.27625374433817
611.2224448897795,3.072990035898319,15.566172307376165
621.2424849699398,3.1855905522566808,15.855106715631305
631.2625250501002,3.2998765013313034,16.142867838665822
641.2825651302605,3.415830900326464,16.429271073416427
651.3026052104208,3.5334383052055602,16.71413690707881
661.3226452905811,3.652685014903761,16.997291411573233
671.3426853707415,3.773559199679922,17.27856665783772
681.3627254509018,3.896050952063523,17.55780104152229
691.3827655310622,4.020152261977453,17.834839515026108
701.4028056112223,4.145856920475746,18.10953372410276
711.4228456913827,4.273160359032122,18.381742050345473
721.442885771543,4.402059433377596,18.651329563660934
731.4629258517034,4.532552162464135,18.918167891274045
741.4829659318636,4.664637434200699,19.18213501182419
751.503006012024,4.798314690165231,19.443114984684907
761.5230460921844,4.933583601559352,19.700997625751032
771.5430861723447,5.070443748277955,19.955678141596415
781.563126252505,5.208894312164904,20.20705673413248
791.5831663326653,5.348933794381225,20.455038187727638
801.6032064128256,5.490559765394029,20.69953145022437
811.6232464929859,5.633768654477408,20.94044921846671
821.6432865731463,5.778555583876274,21.177707537882583
831.6633266533065,5.924914250993503,21.411225424411672
841.6833667334669,6.0728368601883895,21.640924515689203
851.7034068136272,6.2223141040815335,21.866728756945477
861.7234468937876,6.37333519270065,22.088564125613146
871.7434869739478,6.525887927416419,22.306358397196483
881.7635270541082,6.679958815439832,22.52004095359059
891.7835671342685,6.83553321970452,22.72954263377809
901.8036072144288,6.992595538250751,22.934795625703487
911.8236472945893,7.151129406763965,23.13573339715085
921.8436873747494,7.31111791769286,23.332290662641725
931.8637274549096,7.472543849365465,23.524403382732693
941.88376753507,7.635389898715401,23.712008791626364
951.9038076152304,7.799638911598947,23.895045448709507
961.9238476953908,7.965274105197446,24.073453309487824
971.943887775551,8.132279277628019,24.247173811384666
981.9639278557114,8.300639000597087,24.416149969993885
991.9839679358718,8.47033879169483,24.580326481606846
1002.004008016032,8.641365263715402,24.739649828150437
1012.0240480961924,8.813706249170808,24.894068381056968
1022.0440881763526,8.987350898922495,25.043532501018557
1032.064128256513,9.162289754563972,25.187994631039423
1042.0841683366732,9.33851479483448,25.327409380672275
1052.1042084168337,9.516019456915599,25.46173359979464
1062.124248496994,9.694798633951793,25.590926440734044
1072.1442885771542,9.874848650537658,25.714949407976853
1082.1643286573146,10.056167218227646,25.83376639508556
1092.1843687374749,10.23875337335037,25.94734370879705
1102.204408817635,10.42260739955288,26.05565008057588
1112.2244488977956,10.607730737567172,26.15865666614982
1122.2444889779558,10.794125884688896,26.25633703375934
1132.264529058116,10.981796286395795,26.34866714201007
1142.2845691382763,11.170746222420009,26.435625308329676
1152.3046092184368,11.360980689433754,26.5171921691022
1162.3246492985973,11.552505282321553,26.593350632587494
1172.3446893787575,11.745326075803307,26.664085825736482
1182.3647294589175,11.939449507949686,26.729385035989026
1192.3847695390782,12.134882266902375,26.789237649095917
1202.4048096192384,12.331631181883571,26.84363508394446
1212.4248496993987,12.529703119357665,26.892570725293275
1222.444889779559,12.729104884998277,26.936039855240434
1232.4649298597194,12.929843131919585,26.974039584163663
1242.4849699398796,13.13192427545507,27.00656878178528
1252.50501002004,13.335354414611553,27.033628008930496
1262.5250501002004,13.540139260192653,27.05521945046759
1272.5450901803608,13.746284069474124,27.07134684984393
1282.565130260521,13.953793587223464,27.08201544556369
1292.585170340681,14.162671992787088,27.08723190989202
1302.6052104208416,14.372922852918714,27.087004290016388
1312.6252505010018,14.584549079990918,27.081341951848778
1322.6452905811625,14.797552895216079,27.07025552661162
1332.6653306613223,15.011935796501124,27.05375686031553
1342.685370741483,15.22769853057036,27.031858966206872
1352.7054108216432,15.444841069010131,27.004575980237473
1362.7254509018037,15.6633625879159,26.971923119586226
1372.745490981964,15.883261450854544,26.933916644242398
1382.7655310621244,16.10453519489039,26.89057382164216
1392.7855711422844,16.327180519460914,26.84191289433283
1402.805611222445,16.551193277925794,26.78795305062283
1412.8256513026051,16.776568471649476,26.728714398159255
1422.8456913827654,17.003300246511987,26.66421794035879
1432.865731462926,17.23138189177396,26.594485555601587
1442.885771543086,17.460805841249538,26.519539979081557
1452.9058116232466,17.691563676764225,26.439404787190433
1462.9258517034068,17.923646133893723,26.354104384297255
1472.9458917835673,18.157043109994067,26.263663991769786
1482.9659318637273,18.391743674543207,26.168109639070234
1492.9859719438878,18.627736081819403,26.06746815674474
1503.006012024048,18.865007785942975,25.961767171114918
1513.0260521042082,19.10354545830519,25.851035100470455
1523.0460921843687,19.343335007401876,25.735301152554957
1533.066132264529,19.584361601080065,25.6145953231327
1543.0861723446894,19.82660969119422,25.488948395422423
1553.1062124248497,20.070063040654578,25.358391940185346
1563.12625250501,20.314704752834587,25.222958316258836
1573.1462925851702,20.560517303287593,25.08268067133386
1583.1663326653306,20.80748257370531,24.937592942784168
1593.1863727454909,21.05558188803257,24.78772985836721
1603.2064128256511,21.304796050634796,24.633126936631353
1613.2264529058116,21.555105386396786,24.47382048688035
1623.2464929859718,21.806489782614165,24.30984760856416
1633.2665330661323,22.058928732522254,24.141246189984535
1643.2865731462923,22.31240138029172,23.96805490622399
1653.3066132264528,22.566886567305865,23.790313216227375
1663.326653306613,22.82236287952147,23.608061358985964
1673.3466933867735,23.078808695703383,23.42134034879419
1683.3667334669335,23.336202236312953,23.230191969568704
1693.3867735470942,23.594521612821847,23.034658768237954
1703.4068136272545,23.85374487721592,22.834784047227384
1713.4268537074147,24.113850071448578,22.63061185608104
1723.4468937875752,24.37481527659965,22.422186982273757
1733.4669338677354,24.636618661494026,22.209554941279954
1743.4869739478956,24.89923853053438,21.9927619659745
1753.507014028056,25.16265337050416,21.771854995448756
1763.5270541082164,25.426841896100566,21.546881663330165
1773.5470941883766,25.69178309396266,21.317890285697196
1783.567134268537,25.95745626496677,21.084929848682844
1793.587174348697,26.22384106457026,20.848049995859483
1803.6072144288576,26.490917540995106,20.607301015495803
1813.627254509018,26.758666171054877,20.36273382777304
1823.6472945891785,27.027067893442258,20.114399972042907
1833.6673346693383,27.296104139309403,19.862351594203716
1843.6873747494988,27.56575685998974,19.606641434264525
1853.7074148296592,27.836008551727534,19.347322814159668
1863.7274549098197,28.106842277300277,19.08444962586825
1873.74749498998,28.37824168443864,18.818076319885098
1883.76753507014,28.650191020969228,18.548257894081463
1893.7875751503009,28.92267514662657,18.275049882985666
1903.807615230461,29.19567954150218,17.998508347506046
1913.8276553106211,29.46919031112048,17.718689865110907
1923.8476953907812,29.743194188153186,17.4356515204731
1933.8677354709416,30.017678530805362,17.14945089658017
1943.887775551102,30.29263131792786,16.86014606630484
1953.9078156312623,30.568041140931488,16.567795584425145
1963.9278557114228,30.84389719259841,16.27245848007845
1973.947895791583,31.120189252905323,15.974194249629198
1983.9679358717435,31.396907671990995,15.673062849926485
1993.987975951904,31.674043350417403,15.369124691924092
2004.008016032064,31.951587716889136,15.062440634632942
2014.028056112224,32.22953270360938,14.753071979373463
2024.0480961923847,32.507870719462986,14.441080464293453
2034.0681362725447,32.78659462122744,14.126528259115426
2044.0881763527047,33.0656976830212,13.809477960076103
2054.108216432865,33.34517356420548,13.489992585019728
2064.128256513026,33.6250162759605,13.168135568606083
2074.148296593186,33.90522014676011,12.843970757593473
2084.1683366733464,34.185779786969974,12.517562406156513
2094.188376753507,34.466690052793574,12.188975171198226
2104.208416833668,34.74794600978821,11.858274107615836
2114.228456913828,35.02954289616876,11.525524663479468
2124.248496993988,35.31147608611166,11.190792675083093
2134.2685370741483,35.59374105326411,10.85414436182712
2144.2885771543083,35.87633333465549,10.515646320892273
2154.308617234469,36.15924849519796,10.175365521664817
2164.3286573146293,36.44248209295277,9.833369299873583
2174.3486973947897,36.726029645327245,9.489725351399946
2184.3687374749497,37.00988659635471,9.14450172572269
2194.38877755511,37.29404828519713,8.797766818960639
2204.4088176352707,37.57850991599626,8.449589366477106
2214.428857715431,37.863266529185765,8.100038435011628
2224.448897795591,38.14831297436245,7.7491834143059615
2234.468937875751,38.43364388480093,7.3970940081932195
2244.488977955912,38.71925365368205,7.043840225121031
2254.509018036072,39.005136412091595,6.6894923680819085
2264.529058116232,39.29128600883238,6.334121023926555
2274.5490981963926,39.57769599207986,5.977797052038548
2284.569138276553,39.8643595928987,5.6205915723518585
2294.589178356713,40.15126971062586,5.262575952695772
2304.6092184368736,40.438418900114414,4.90382179545518
2314.629258517034,40.725799360821554,4.544400923537662
2324.6492985971945,41.013402927714516,4.1843853656424495
2334.6693386773545,41.30122106395877,3.823847340830076
2344.689378757515,41.58924485534472,3.4628592423953144
2354.7094188376755,41.87746500640137,3.1014936210498574
2364.7294589178355,42.16587183813899,2.7398231674250075
2374.749498997996,42.45445528735649,2.3779206939084565
2384.7695390781564,42.7432049074446,2.015859115832951
2394.789579158317,43.0321098706112,1.653711432038258
2404.809619238477,43.321158971451794,1.291550704831323
2414.829659318637,43.61034063178525,0.9294500393728127
2424.8496993987974,43.89964290667281,0.5674825625213272
2434.869739478958,44.18905349153691,0.20572140116943866
2444.889779559118,44.4785597302954,-0.15576033989168742
2454.9098196392783,44.76814862442673,-0.5168896005399956
2464.929859719439,45.05780684288164,-0.8775933882814491
2474.949899799599,45.347520732758014,-1.2377988015573003
2484.9699398797597,45.637276330656455,-1.5974330533554806
2494.98997995992,45.927059374635995,-1.9564234950807973
2505.01002004008,46.21685531669125,-2.314697640637888
2515.0300601202403,46.5066493356747,-2.672183190680475
2525.0501002004007,46.79642635059028,-3.0288080569803855
2535.070140280561,47.08617103418745,-3.3845003868700405
2545.0901803607217,47.37586782678774,-3.7391885877126767
2555.1102204408817,47.66550095027918,-4.0928013513554005
2565.130260521042,47.95505442221715,-4.44526767852131
2575.1503006012026,48.244512069973744,-4.7965169030983095
2585.170340681362,48.533857544881165,-5.146478716283869
2595.190380761522,48.823074336318236,-5.495083190546822
2605.210420841683,49.11214578569259,-5.842260803369364
2615.230460921844,49.401055100274725,-6.187942460734598
2625.250501002004,49.68978536684356,-6.532059520327346
2635.270541082164,49.97831956510656,-6.874543814418441
2645.2905811623245,50.26664058086107,-7.215327672405242
2655.310621242485,50.554731218866536,-7.554343942983797
2665.330661322645,50.842574215400816,-7.891526015930741
2675.350701402805,51.13015225047674,-8.226807843475703
2685.370741482966,51.41744795969815,-8.560123961247708
2695.390781563126,51.70444394573762,-8.891409508781717
2705.4108216432865,51.99112278942075,-9.220600249574039
2715.430861723447,52.27746706040469,-9.547632590677932
2725.4509018036074,52.563459327441024,-9.872443601833128
2735.4709418837674,52.8490821682156,-10.194971034125391
2745.490981963928,53.13431817876012,-10.515153338174429
2755.5110220440883,53.419149982432415,-10.832929681850597
2765.531062124249,53.70356023846458,-11.148239967522786
2775.5511022044084,53.98753165007957,-11.46102484884165
2785.571142284569,54.27104697217907,-11.77122574706405
2795.5911823647293,54.55408901860683,-12.078784866925979
2805.6112224448893,54.83664066899311,-12.383645212072613
2815.63126252505,55.11868487518747,-12.68575060005521
2825.6513026052103,55.400204667288115,-12.98504567690558
2835.6713426853707,55.68118315927745,-13.281475931299642
2845.6913827655308,55.961603554274255,-13.574987708322155
2855.7114228456912,56.2414491494139,-13.865528222845224
2865.731462925852,56.52070334036902,-14.15304557253345
2875.751503006012,56.79934962552337,-14.43748875048872
2885.771543086172,57.07737160981273,-14.718807657547643
2895.7915831663327,57.35475300824671,-14.996953114244484
2905.811623246493,57.631477649126204,-15.27187687245215
2915.831663326653,57.90752947697131,-15.543531626713404
2925.8517034068136,58.18289255517493,-15.81187102527393
2935.871743486974,58.457551068397386,-16.076849680828285
2945.8917835671346,58.73148932471768,-16.338423180989032
2955.911823647294,59.004691757556834,-16.596548098488572
2965.9318637274546,59.277142927389,-16.851182001122293
2975.951903807615,59.54882752325573,-17.102283461440777
2985.9719438877755,59.81973036409892,-17.34981206619775
2995.9919839679355,60.089836399927535,-17.59372842555953
3006.012024048096,60.359130712833164,-17.833994182080588
3016.0320641282565,60.62759851786909,-18.070572019448825
3026.0521042084165,60.89522516380733,-18.30342567100308
3036.072144288577,61.16199613378763,-18.53251992802427
3046.092184368737,61.427897045872136,-18.75782064780054
3056.112224448898,61.69291365351898,-18.979294761465663
3066.132264529058,61.957031845987515,-19.196910281609032
3076.1523046092184,62.22023764868761,-19.410636309654418
3086.172344689379,62.48251722348467,-19.62044304300384
3096.19238476954,62.74385686897179,-19.826301781941893
3106.2124248497,63.004243020719656,-20.02818493629511
3116.23246492986,63.26366225151443,-20.226066031839984
3126.25250501002,63.522101271593144,-20.419919716452718
3136.27254509018,63.77954692888557,-20.609721765992923
3146.2925851703403,64.03598620927106,-20.79544908991306
3156.312625250501,64.29140623685791,-20.977079736584752
3166.3326653306613,64.54579427429262,-21.154592898332826
3176.3527054108213,64.79913772310536,-21.32796891616746
3186.3727454909817,65.05142412409776,-21.49718928420475
3196.392785571142,65.30264115777801,-21.662236653765714
3206.4128256513022,65.55277664484812,-21.82309483714387
3216.4328657314627,65.80181854674731,-21.979748811031584
3226.452905811623,66.0497549662548,-22.132184719595585
3236.472945891784,66.2965741481548,-22.28038987719245
3246.492985971944,66.54226447996604,-22.424352770715323
3256.513026052104,66.78681449273698,-22.564063061563793
3266.5330661322646,67.03021286190805,-22.699511587229633
3276.553106212425,67.27244840824099,-22.83069036249201
3286.573146292585,67.51351009881515,-22.957592580216932
3296.593186372745,67.75338704808998,-23.080212611756867
3306.6132264529056,67.99206851903233,-23.19854600694793
3316.6332665330656,68.22954392430667,-23.312589493703573
3326.653306613226,68.46580282752582,-23.422340977205412
3336.6733466933865,68.70083494455938,-23.527799538693646
3346.693386773547,68.93463014489639,-23.628965433861577
3356.713426853707,69.16717845305848,-23.725840090860697
3366.7334669338675,69.39847005005934,-23.818426107925095
3376.753507014028,69.6284952749058,-23.906727250626098
3386.7735470941884,69.85724462613568,-23.99074844877039
3396.7935871743484,70.08470876338723,-24.070495792957065
3406.813627254509,70.31087850899455,-24.145976530811392
3416.8336673346694,70.53574484960345,-24.217199062915185
3426.8537074148294,70.7592989378018,-24.28417293845569
3436.87374749499,70.98153209375855,-24.346908850616888
3446.8937875751503,71.20243580686532,-24.405418631738627
3456.913827655311,71.4220017373749,-24.45971524827049
3466.933867735471,71.64022171803036,-24.509812795548335
3476.9539078156317,71.85708775567963,-24.555726492422096
3486.9739478957918,72.07259203286951,-24.59747267576382
3496.993987975952,72.28672690941438,-24.635068794884592
3507.014028056112,72.49948492393447,-24.668533405888414
3517.0340681362723,72.71085879535927,-24.69788616598989
3527.0541082164327,72.92084142439218,-24.72314782782071
3537.0741482965927,73.12942589493282,-24.744340233747703
3547.094188376753,73.33660547545409,-24.761486310222207
3557.1142284569137,73.54237362033156,-24.7746100621771
3567.134268537074,73.74672397112347,-24.78373656748374
3577.154308617234,73.94965035780035,-24.788891971476524
3587.174348697394,74.15114679992357,-24.790103481547714
3597.194388777555,74.35120750777318,-24.78739936180966
3607.214428857716,74.54982688342588,-24.78080892781576
3617.234468937876,74.74699952178435,-24.770362541325255
3627.254509018036,74.94272021156023,-24.756091605090624
3637.274549098197,75.13698393621313,-24.738028557639808
3647.294589178357,75.32978587484882,-24.71620686801899
3657.314629258517,75.52112140308006,-24.690661030455107
3667.334669338677,75.71098609385388,-24.661426558891065
3677.3547094188375,75.89937571824953,-24.628539981340506
3687.3747494989975,76.08628624625146,-24.5920388340034
3697.394789579158,76.27171384750162,-24.551961655078557
3707.4148296593194,76.45565489203572,-24.5083479782045
3717.434869739479,76.63810595100789,-24.46123832545633
3727.454909819639,76.81906379740774,-24.41067419982292
3737.4749498998,76.99852540677428,-24.35669807708651
3747.49498997996,77.17648795790991,-24.299353397025136
3757.51503006012,77.352948833598,-24.238684553857933
3767.53507014028,77.52790562132684,-24.1747368858535
3777.555110220441,77.70135611402198,-24.107556664022972
3787.575150300601,77.87329831078878,-24.037191079821707
3797.595190380761,78.04373041766587,-23.96368823178659
3807.615230460922,78.2126508483898,-23.887097111040298
3817.635270541082,78.3800582251704,-23.807467585598665
3827.6553106212423,78.54595137947544,-23.724850383423334
3837.6753507014023,78.71032935282247,-23.63929707416827
3847.6953907815623,78.8731913975752,-23.550860049576144
3857.7154308617232,79.03453697774064,-23.459592502488384
3867.7354709418832,79.19436576976274,-23.36554840444105
3877.755511022044,79.35267766330756,-23.268782481827493
3887.775551102204,79.5094727620343,-23.16935019061784
3897.7955911823647,79.66475138434603,-23.067307689634568
3907.8156312625247,79.81851406411323,-22.962711812392836
3917.835671342685,79.97076155136307,-22.85562003752366
3927.8557114228456,80.12149481292676,-22.74609045780712
3937.875751503006,80.2707150330371,-22.63418174785202
3947.895791583166,80.41842361386807,-22.51995313046704
3957.915831663327,80.56462217600816,-22.403464341776925
3967.935871743487,80.70931255885911,-22.28477559514505
3977.955911823647,80.85249682095181,-22.163947543971307
3987.975951903808,80.99417724017091,-22.041041243440905
3997.995991983968,81.13435631388019,-21.91611811130603
4008.016032064128,81.2730367589409,-21.789239887787833
4018.036072144289,81.41022151161542,-21.66046859469102
4028.056112224449,81.54591372734912,-21.52986649382754
4038.076152304609,81.68011678042375,-21.39749604484919
4048.0961923847694,81.812834263476,-21.263419862591743
4058.11623246493,81.94406998687569,-21.127700674035047
4068.1362725450895,82.07382797795812,-20.990401274984873
4078.15631262525,82.20211248010648,-20.85158448658275
4088.1763527054095,82.32892795167999,-20.711313111749988
4098.196392785571,82.45427906478466,-20.56964989167118
4108.216432865731,82.57817070388417,-20.426657462421286
4118.236472945891,82.70060796424863,-20.282398311838243
4128.256513026052,82.82159615024027,-20.136934736740738
4138.276553106212,82.94114077343515,-19.990328800587747
4148.296593186372,83.05924755058118,-19.842642291673055
4158.316633266532,83.17592240139292,-19.693936681944226
4168.336673346693,83.29117144618476,-19.54427308653134
4178.356713426853,83.40500100334395,-19.393712224066416
4188.376753507014,83.51741758664649,-19.24231437786976
4198.396793587174,83.62842790241847,-19.09013935807465
4208.416833667335,83.73803884654677,-18.937246464756683
4218.436873747494,83.84625750134289,-18.78369445212903
4228.456913827655,83.95309113226457,-18.62954149385961
4238.476953907815,84.05854718450014,-18.474845149560903
4248.496993987976,84.16263327942069,-18.319662332497913
4258.517034068136,84.2653572109059,-18.164049278554547
4268.537074148297,84.36672694154942,-18.00806151649347
4278.557114228457,84.4667505987499,-17.851753839539477
4288.577154308617,84.56543647069422,-17.69518027831137
4298.597194388777,84.66279300223958,-17.53839407512255
4308.617234468938,84.75882879070103,-17.38144765966582
4318.637274549098,84.85355258155163,-17.224392626093326
4328.6573146292585,84.94697326404207,-17.067279711498312
4338.677354709419,85.03909986674692,-16.9101587758011
4348.697394789579,85.12994155304446,-16.75307878303788
4358.71743486974,85.21950761653744,-16.596087784047015
4368.7374749499,85.30780747642162,-16.439232900544187
4378.75751503006,85.39485067280924,-16.282560310574283
4388.77755511022,85.48064686201445,-16.126115235324868
4398.797595190381,85.56520581180736,-15.969941927283287
4408.817635270541,85.64853739664363,-15.814083659716673
4418.837675350702,85.73065159287631,-15.658582717451782
4428.857715430862,85.81155847395608,-15.503480388929349
4438.877755511022,85.89126820562662,-15.348816959505596
4448.897795591182,85.96979104112091,-15.194631705971771
4458.917835671343,86.04713731636467,-15.040962892260934
4468.937875751502,86.12331744519247,-14.887847766309816
4478.957915831663,86.19834191458234,-14.735322558042299
4488.977955911823,86.27222127991394,-14.583422478440028
4498.997995991984,86.34496616025558,-14.432181719664761
4509.018036072143,86.41658723368509,-14.281633456196296
4519.038076152304,86.48709523264893,-14.131809846949253
4529.058116232464,86.55650093936424,-13.982742038331537
4539.078156312625,86.624815181268,-13.834460168206988
4549.098196392785,86.69204882651724,-13.68699337072452
4559.118236472946,86.75821277954407,-13.540369781976032
4569.138276553106,86.82331797666919,-13.394616546445361
4579.158316633267,86.88737538177699,-13.249759824210726
4589.178356713426,86.95039598205553,-13.105824798863322
4599.198396793587,87.01239078380405,-12.962835686105084
4609.218436873747,87.07337080831101,-12.820815742988989
4619.238476953908,87.13334708780467,-12.679787277765797
4629.258517034068,87.19233066147875,-12.539771660301636
4639.2785571142285,87.2503325715952,-12.400789333031438
4649.298597194389,87.30736385966563,-12.262859822413914
4659.318637274549,87.36343556271352,-12.126001750854407
4669.338677354709,87.41855870961817,-11.990232849062764
4679.3587174348695,87.47274431754202,-11.855569968814086
4689.37875751503,87.52600338844239,-11.722029096081066
4699.39879759519,87.57834690566837,-11.589625364507436
4709.418837675351,87.62978583064398,-11.458373069192914
4719.438877755511,87.68033109963798,-11.328285680760919
4729.458917835671,87.72999362062086,-11.199375859681185
4739.478957915831,87.77878427020944,-11.071655470820348
4749.498997995992,87.82671389069924,-10.945135598194451
4759.519038076152,87.87379328718463,-10.819826559898226
4769.539078156313,87.92003322476684,-10.695737923186954
4779.559118236473,87.96544442584963,-10.57287851968757
4789.579158316634,88.01003756752222,-10.451256460716639
4799.599198396794,88.05382327902937,-10.330879152683659
4809.619238476954,88.09681213932794,-10.211753312559127
4819.639278557114,88.1390146747294,-10.093884983387605
4829.659318637274,88.18044135662771,-9.977279549826957
4839.679358717434,88.22110259931188,-9.861941753695737
4849.699398797595,88.26100875786216,-9.747875709511598
4859.719438877755,88.30017012612937,-9.635084920004388
4869.739478957916,88.33859693479609,-9.523572291588414
4879.759519038075,88.3762993495189,-9.41334014977918
4889.779559118236,88.41328746915062,-9.304390254540655
4899.799599198396,88.44957132404127,-9.196723815549868
4909.819639278557,88.48516087441693,-9.090341507366444
4919.839679358717,88.52006600883489,-8.98524348449531
4929.859719438878,88.55429654271418,-8.881429396331585
4939.879759519038,88.58786221694015,-8.778898401977306
4949.899799599198,88.62077269654164,-8.677649184920325
4959.919839679358,88.6530375694396,-8.577679967566313
4969.939879759519,88.6846663452658,-8.478988525615486
4979.959919839679,88.71566845425006,-8.381572202276205
4989.97995991984,88.7460532461749,-8.285427922308214
5000.0,88.7758299893959,-8.19055220588885
